Adverse_event,patid,visit_date,start_date,end_date,BARCODE,INV_NO,PAGENO,PROTO,SEQ,E_STAT,VISIT,WEIGHT,WUNIT,TEMP,TUNIT,RESP,PR,SYSBP,DIABP,HEIGHT,HUNIT,sex,race,BIRTHDT,Screen_date,status
Palpitations,6,06JAN1950,13FEB2012,17FEB2012,10062,1,2,ABC-123,1,R,Day -1,170.5,2,99.2,2,12,79,110,65,70,,M,Caucasian,09/26/1960,01JAN2012,Normal
Palpitations,6,06JAN1950,13FEB2012,17FEB2012,10061,1,1,ABC-123,1,R,Day -8,170.5,2,99.2,2,12,56,112,78,70,2,M,Caucasian,09/26/1960,01JAN2012,Normal
Palpitations,6,06JAN1950,13FEB2012,17FEB2012,10063,1,3,ABC-123,1,R,Week 1,170.5,2,99.2,2,14,66,98,62,70,,M,Caucasian,09/26/1960,01JAN2012,Normal
Palpitations,6,06JAN1950,13FEB2012,17FEB2012,10064,1,4,ABC-123,1,R,Week 2,173.6,2,99.2,2,14,69,98,62,70,,M,Caucasian,09/26/1960,01JAN2012,Normal
Palpitations,6,06JAN1950,13FEB2012,17FEB2012,10065,1,5,ABC-123,1,R,Week 3,173.6,2,99.2,2,14,69,107,67,70,,M,Caucasian,09/26/1960,01JAN2012,Normal
Palpitations,6,06JAN1950,13FEB2012,17FEB2012,10066,1,6,ABC-123,1,R,Week 4,173.6,2,99.2,2,12,67,109,66,70,,M,Caucasian,09/26/1960,01JAN2012,Normal
Palpitations,6,06JAN1950,13FEB2012,17FEB2012,10067,1,7,ABC-123,1,R,Week 5,176.7,2,99.2,2,14,72,110,67,70,,M,Caucasian,09/26/1960,01JAN2012,Normal
Palpitations,6,06JAN1950,13FEB2012,17FEB2012,10068,1,8,ABC-123,1,R,Week 6,176.7,2,99.2,2,14,60,114,78,70,,M,Caucasian,09/26/1960,01JAN2012,Normal
Abdominal pain,8,07JAN2012,09FEB2012,13FEB2012,10082,1,2,ABC-123,1,R,Day -1,189.1,2,99.2,2,14,93,117,77,64,,F,Hispanic,10/07/1969,10JAN2012,Normal
Abdominal pain,8,07JAN2012,09FEB2012,13FEB2012,10081,1,1,ABC-123,1,R,Day -8,189.1,2,99.2,2,14,60,110,68,64,2,F,Hispanic,10/07/1969,10JAN2012,Normal
Abdominal pain,8,07JAN2012,09FEB2012,13FEB2012,10083,1,3,ABC-123,1,R,Week 1,189.1,2,99.2,2,16,81,105,68,64,,F,Hispanic,10/07/1969,10JAN2012,Normal
Abdominal pain,8,07JAN2012,09FEB2012,13FEB2012,10084,1,4,ABC-123,1,R,Week 2,189.1,2,99.2,2,14,84,100,66,64,,F,Hispanic,10/07/1969,10JAN2012,Normal
Abdominal pain,8,07JAN2012,09FEB2012,13FEB2012,10085,1,5,ABC-123,1,R,Week 3,189.1,2,99.2,2,14,75,96,66,64,,F,Hispanic,10/07/1969,10JAN2012,Normal
Abdominal pain,8,07JAN2012,09FEB2012,13FEB2012,10086,1,6,ABC-123,1,R,Week 4,186,2,99.2,2,16,86,105,122,64,,F,Hispanic,10/07/1969,10JAN2012,Normal
Abdominal pain,8,07JAN2012,09FEB2012,13FEB2012,10087,1,7,ABC-123,1,R,Week 5,189.1,2,99.2,2,14,93,108,71,64,,F,Hispanic,10/07/1969,10JAN2012,Normal
Abdominal pain,8,07JAN2012,09FEB2012,13FEB2012,10088,1,8,ABC-123,1,R,Week 6,189.1,2,99.2,2,14,86,96,66,64,,F,Hispanic,10/07/1969,10JAN2012,Normal
Dizziness,12,10JAN2012,13FEB2012,17FEB2012,10122,1,2,ABC-123,1,R,Day -1,102.3,2,99.2,2,14,79,101,65,59.5,,F,Caucasian,03/31/1960,12JAN2012,Normal
Dizziness,12,10JAN2012,13FEB2012,17FEB2012,10121,1,1,ABC-123,1,R,Day -8,102.3,2,99.2,2,20,72,102,58,59.5,2,F,Caucasian,03/31/1960,12JAN2012,Normal
Dizziness,12,10JAN2012,13FEB2012,17FEB2012,10123,1,3,ABC-123,1,R,Week 1,102.3,2,99.2,2,18,66,103,63,59.5,,F,Caucasian,03/31/1960,12JAN2012,Normal
Dizziness,12,10JAN2012,13FEB2012,17FEB2012,10124,1,4,ABC-123,1,R,Week 2,99.2,2,99.2,2,16,81,111,68,59.5,,F,Caucasian,03/31/1960,12JAN2012,Normal
Dizziness,12,10JAN2012,13FEB2012,17FEB2012,10125,1,5,ABC-123,1,R,Week 3,99.2,2,99.2,2,14,86,106,111,59.5,,F,Caucasian,03/31/1960,12JAN2012,Normal
Dizziness,12,10JAN2012,13FEB2012,17FEB2012,10126,1,6,ABC-123,1,R,Week 4,102.3,2,99.2,2,18,66,102,64,59.5,,F,Caucasian,03/31/1960,12JAN2012,Normal
Dizziness,12,10JAN2012,13FEB2012,17FEB2012,10127,1,7,ABC-123,1,R,Week 5,102.3,2,99.2,2,16,63,101,69,59.5,,F,Caucasian,03/31/1960,12JAN2012,Normal
Dizziness,12,10JAN2012,13FEB2012,17FEB2012,10128,1,8,ABC-123,1,R,Week 6,102.3,2,99.2,2,16,69,103,66,59.5,,F,Caucasian,03/31/1960,12JAN2012,Normal
Delirium,13,10JAN2012,14FEB2012,12FEB2012,10132,1,2,ABC-123,1,O,Day -1,269.7,2,99.2,2,12,78,143,88,63.29999995,,F,Black,11/17/1980,12JAN2012,Normal
Delirium,13,10JAN2012,14FEB2012,12FEB2012,10131,1,1,ABC-123,1,O,Day -8,269.7,2,99.2,2,12,72,150,90,63.29999995,2,F,Black,11/17/1980,12JAN2012,Normal
Delirium,13,10JAN2012,14FEB2012,12FEB2012,10133,1,3,ABC-123,1,O,Week 1,272.8,2,99.2,2,14,68,160,92,63.29999995,,F,Black,11/17/1980,12JAN2012,Normal
Delirium,13,10JAN2012,14FEB2012,12FEB2012,10134,1,4,ABC-123,1,O,Week 2,275.9,2,99.2,2,14,82,147,74,63.29999995,,F,Black,11/17/1980,12JAN2012,Normal
Sleep disorder,14,14JAN1960,15FEB2012,19FEB2012,10142,1,2,ABC-123,1,R,Day -1,198.4,2,99.2,2,14,68,128,67,72,,1,Caucasian,05/24/1969,10JAN2012,Normal
Sleep disorder,14,14JAN1960,15FEB2012,19FEB2012,10141,1,1,ABC-123,1,R,Day -8,198.4,2,99.2,2,14,64,110,82,72,2,1,Caucasian,05/24/1969,10JAN2012,Normal
Sleep disorder,14,14JAN1960,15FEB2012,19FEB2012,10143,1,3,ABC-123,1,R,Week 1,198.4,2,99.2,2,14,56,125,74,72,,1,Caucasian,05/24/1969,10JAN2012,Normal
Sleep disorder,14,14JAN1960,15FEB2012,19FEB2012,10144,1,4,ABC-123,1,R,Week 2,198.4,2,99.2,2,14,78,137,75,72,,1,Caucasian,05/24/1969,10JAN2012,Normal
Sleep disorder,14,14JAN1960,15FEB2012,19FEB2012,10145,1,5,ABC-123,1,R,Week 3,198.4,2,99.2,2,16,60,118,66,72,,1,Caucasian,05/24/1969,10JAN2012,Normal
Sleep disorder,14,14JAN1960,15FEB2012,19FEB2012,10146,1,6,ABC-123,1,R,Week 4,201.5,2,99.2,2,14,68,132,69,72,,1,Caucasian,05/24/1969,10JAN2012,Normal
Sleep disorder,14,14JAN1960,15FEB2012,19FEB2012,10147,1,7,ABC-123,1,R,Week 5,201.5,2,99.2,2,16,71,118,67,72,,1,Caucasian,05/24/1969,10JAN2012,Normal
Sleep disorder,14,14JAN1960,15FEB2012,19FEB2012,10148,1,8,ABC-123,1,R,Week 6,201.5,2,99.2,2,16,78,124,74,72,,1,Caucasian,05/24/1969,10JAN2012,Normal
